respondent_id,group,item_01,item_02,item_03,item_04,item_05,item_06,item_07,item_08,item_09,item_10,item_11,item_12,item_13,item_14,item_15,item_16,item_17,item_18,item_19,item_20
R0001,reference,1,1,1,1,1,1,0,1,0,1,1,1,1,0,1,0,1,0,0,0
R0002,reference,1,1,1,1,1,1,1,1,1,1,1,1,1,1,0,0,0,0,0,0
R0003,reference,1,1,0,1,1,1,1,0,0,1,1,0,0,0,0,0,0,0,0,0
R0004,reference,1,1,1,1,1,0,0,1,1,0,0,0,0,1,0,0,1,0,0,0
R0005,reference,1,1,1,1,1,1,1,0,1,0,1,1,1,1,0,0,1,0,0,0
R0006,reference,1,1,1,1,1,1,1,0,1,0,1,1,0,1,0,0,0,0,0,0
R0007,reference,1,0,0,0,0,1,0,0,1,0,1,0,0,1,0,0,1,0,0,0
R0008,reference,1,1,1,1,1,1,1,1,1,1,1,1,1,1,0,0,0,0,0,0
R0009,reference,1,1,1,1,1,0,0,0,1,0,0,0,0,1,0,0,0,0,0,0
R0010,reference,1,1,1,1,0,0,0,0,0,0,0,0,0,0,0,0,0,0,0,0
R0011,reference,1,1,1,1,1,1,1,1,1,1,1,1,1,1,1,0,1,0,0,0
R0012,reference,1,1,1,1,1,0,0,1,1,0,1,0,1,0,0,0,0,0,0,0
R0013,reference,0,0,0,0,0,0,0,1,0,0,0,0,0,0,0,0,0,0,0,0
R0014,reference,1,1,1,1,0,0,0,0,1,0,0,0,0,0,0,0,0,0,0,0
R0015,reference,1,1,1,1,1,1,1,1,1,1,1,1,1,1,0,0,1,0,0,0
R0016,reference,1,1,1,1,1,0,0,1,0,1,0,0,0,1,0,0,0,0,0,0
R0017,reference,1,1,1,1,1,1,1,1,1,0,1,1,0,0,0,0,0,0,0,0
R0018,reference,1,1,0,1,1,1,1,1,1,0,1,1,0,1,1,1,1,0,0,0
R0019,reference,0,0,0,0,0,0,0,0,0,0,0,0,0,0,0,0,0,0,0,0
R0020,reference,1,1,1,1,1,1,1,1,1,1,1,1,1,1,1,1,0,1,1,1
R0021,reference,1,0,1,1,1,0,0,0,0,0,1,0,0,0,0,0,0,0,0,0
R0022,reference,1,1,1,1,1,0,0,1,1,1,0,0,0,0,1,0,0,0,0,0
R0023,reference,1,1,1,1,1,1,1,0,1,1,1,0,0,1,1,1,0,1,0,0
R0024,reference,1,1,0,0,0,1,0,0,0,0,0,0,0,0,0,0,0,0,0,0
R0025,reference,1,1,1,0,1,1,0,1,1,1,1,1,1,1,1,1,1,0,0,0
R0026,reference,1,0,1,1,1,0,1,0,0,1,0,1,0,0,0,0,0,0,1,1
R0027,reference,1,1,1,0,1,1,0,0,1,0,0,0,0,1,0,0,0,0,0,0
R0028,reference,1,1,1,1,1,1,1,1,1,1,1,1,0,1,1,1,0,0,0,0
R0029,reference,1,1,0,1,0,1,0,1,1,0,0,0,0,0,0,0,0,0,0,0
R0030,reference,1,1,1,1,1,1,1,0,1,1,1,0,0,1,0,0,0,0,0,0
R0031,reference,1,1,1,1,1,0,0,1,1,0,1,1,1,0,0,0,0,0,0,0
R0032,reference,1,1,1,1,1,1,1,0,0,0,0,1,0,0,0,0,0,0,0,0
R0033,reference,1,1,0,0,1,0,1,1,1,1,1,0,0,1,0,0,0,0,0,0
R0034,reference,1,1,1,1,1,1,1,1,1,1,1,1,1,1,0,1,1,0,0,0
R0035,reference,1,1,1,1,1,1,1,0,0,1,1,1,0,0,0,0,0,0,1,0
R0036,reference,1,1,1,1,1,1,1,1,1,1,0,0,1,1,1,1,1,0,0,0
R0037,reference,0,1,1,0,0,1,0,0,0,0,1,0,0,0,0,0,0,0,0,0
R0038,reference,1,1,0,1,1,1,1,1,1,0,0,0,0,0,0,0,0,0,0,0
R0039,reference,0,1,1,0,1,0,0,0,0,0,1,0,0,1,0,0,0,0,0,0
R0040,reference,1,1,1,1,1,0,1,0,1,1,0,1,0,1,0,0,0,0,0,0
R0041,reference,1,1,1,1,1,1,1,1,1,1,0,1,1,1,0,0,0,0,0,0
R0042,reference,1,1,1,1,1,1,1,1,1,1,0,1,0,0,0,1,0,0,0,0
R0043,reference,1,1,1,1,1,0,1,1,1,0,1,1,1,0,0,0,0,0,0,0
R0044,reference,1,0,1,1,1,1,1,0,1,1,1,1,1,0,0,0,0,0,0,0
R0045,reference,1,1,0,1,1,1,1,1,0,1,0,1,0,1,0,0,1,0,0,0
R0046,reference,1,1,1,0,1,1,0,1,0,0,0,0,0,1,0,0,0,0,0,0
R0047,reference,1,1,1,1,1,1,1,0,1,1,0,0,0,1,1,1,0,0,0,0
R0048,reference,1,1,1,1,1,0,0,1,1,1,1,1,1,0,1,1,1,0,0,0
R0049,reference,1,1,1,1,1,1,1,0,1,1,1,0,0,1,0,1,0,0,0,0
R0050,reference,1,1,1,1,1,0,1,1,0,1,1,1,0,0,1,0,0,0,0,0
R0051,reference,1,1,1,0,1,1,1,1,0,0,0,0,0,0,0,0,0,0,0,0
R0052,reference,1,1,0,1,1,1,1,0,1,1,0,1,1,1,0,0,0,0,0,0
R0053,reference,1,1,1,1,1,1,1,1,1,1,1,1,1,1,1,0,0,0,0,0
R0054,reference,1,1,1,1,1,0,0,0,1,1,0,1,1,1,0,0,0,0,0,0
R0055,reference,1,1,1,1,1,1,1,1,1,1,0,1,0,1,1,0,1,0,0,0
R0056,reference,1,1,1,1,1,1,1,0,1,1,1,1,1,1,1,1,1,1,0,1
R0057,reference,1,1,0,1,0,1,1,0,1,0,0,0,0,0,0,0,0,0,0,0
R0058,reference,1,1,1,1,0,0,1,1,1,0,1,0,1,0,0,1,1,0,0,1
R0059,reference,1,1,1,1,1,0,1,0,0,1,0,1,1,0,1,0,0,0,0,0
R0060,reference,1,0,1,1,1,0,1,0,0,0,0,1,0,1,0,0,0,0,0,0
R0061,reference,1,1,1,1,1,0,1,1,1,1,1,1,1,0,0,0,0,0,1,0
R0062,reference,1,1,1,1,1,1,0,0,1,0,0,1,0,0,0,0,0,1,0,0
R0063,reference,1,1,1,1,1,1,1,1,0,1,0,0,1,0,0,0,0,0,0,0
R0064,reference,1,1,0,0,1,1,1,1,0,0,0,0,0,0,0,0,0,0,0,0
R0065,reference,0,1,1,1,0,0,0,1,0,0,0,1,0,0,0,0,0,0,0,0
R0066,reference,1,1,1,1,1,1,1,1,1,1,1,0,1,0,0,0,0,0,0,0
R0067,reference,1,1,1,1,0,0,1,1,1,0,0,0,0,0,0,0,0,0,0,0
R0068,reference,1,1,1,1,1,0,1,1,1,1,0,0,0,1,0,0,0,1,1,0
R0069,reference,1,1,0,1,1,1,1,1,1,1,1,1,1,0,0,1,0,0,0,0
R0070,reference,1,1,1,1,1,0,1,1,1,1,1,1,0,0,0,1,1,1,0,0
R0071,reference,1,1,1,1,1,1,1,0,0,0,1,1,0,0,0,0,0,0,0,0
R0072,reference,1,0,0,1,1,1,1,0,0,1,0,0,1,0,0,1,0,0,0,0
R0073,reference,1,1,0,0,1,1,1,0,0,1,0,1,1,0,0,0,0,0,0,0
R0074,reference,1,1,1,1,1,1,0,1,0,1,0,0,0,1,0,0,0,0,0,0
R0075,reference,1,1,0,1,1,0,1,1,1,1,1,0,0,1,0,0,0,0,0,0
R0076,reference,1,1,1,1,1,1,1,0,1,0,1,1,1,0,1,0,0,0,0,0
R0077,reference,1,1,1,1,1,1,1,1,1,1,0,1,1,1,1,0,0,1,0,0
R0078,reference,1,1,1,1,1,0,1,1,0,0,1,1,1,1,0,1,0,1,0,1
R0079,reference,1,1,1,1,1,0,1,1,1,1,0,1,1,1,0,1,0,0,0,0
R0080,reference,1,1,1,1,1,1,1,1,1,1,1,1,0,0,0,0,0,0,0,0
R0081,reference,1,1,1,1,1,1,1,1,1,0,0,0,0,0,0,0,0,0,0,0
R0082,reference,1,1,0,1,1,1,1,1,0,1,1,0,0,1,0,0,0,0,0,0
R0083,reference,1,1,0,1,1,1,1,0,1,0,0,0,0,0,0,1,1,0,0,0
R0084,reference,1,1,0,0,1,0,0,1,0,0,0,0,0,0,0,0,0,0,0,0
R0085,reference,1,1,1,1,1,1,1,1,0,1,1,1,1,0,0,0,0,0,0,1
R0086,reference,1,1,1,1,1,0,1,1,0,0,1,1,0,0,0,1,1,0,0,0
R0087,reference,0,1,0,1,1,1,0,1,0,0,0,0,1,1,1,0,1,1,0,0
R0088,reference,1,1,1,1,1,0,1,1,0,1,0,0,0,1,1,1,0,0,0,0
R0089,reference,1,1,0,0,0,0,1,1,0,0,0,0,0,1,0,0,0,0,0,0
R0090,reference,1,1,1,1,1,1,1,0,1,1,0,1,0,0,0,0,0,1,0,0
R0091,reference,1,0,0,1,0,1,1,0,0,1,0,0,0,0,0,0,0,0,0,0
R0092,reference,1,0,1,0,1,1,0,0,0,0,0,0,0,0,0,0,0,0,0,0
R0093,reference,1,1,0,1,0,0,0,1,1,0,0,0,0,0,0,0,0,0,0,0
R0094,reference,1,1,1,1,1,0,0,0,1,1,0,0,0,1,1,0,1,0,0,0
R0095,reference,0,0,1,1,1,1,0,1,1,0,1,1,0,1,0,0,0,0,0,0
R0096,reference,1,1,1,1,0,1,1,1,1,0,0,0,0,1,0,0,0,0,0,0
R0097,reference,1,1,1,1,0,1,1,0,0,0,0,0,0,0,0,0,1,0,0,0
R0098,reference,1,1,0,0,0,1,0,1,0,0,0,0,0,0,0,0,0,0,0,0
R0099,reference,1,1,1,1,1,1,1,1,0,1,0,1,0,1,0,1,0,0,0,0
R0100,reference,1,1,1,1,1,1,1,1,1,1,1,1,1,0,0,1,0,1,0,0
R0101,reference,1,1,0,1,1,1,1,1,1,1,0,1,0,0,0,1,0,0,0,0
R0102,reference,1,1,1,1,1,1,1,0,1,0,0,0,0,1,0,0,0,0,0,0
R0103,reference,1,1,1,1,1,0,1,0,0,0,0,0,0,0,0,0,0,1,0,0
R0104,reference,1,1,1,1,1,0,1,1,1,0,1,1,1,1,0,0,0,0,0,0
R0105,reference,1,1,0,1,1,0,0,1,0,0,0,1,0,1,0,0,1,0,0,0
R0106,reference,1,0,1,1,1,1,1,1,0,0,0,0,1,0,0,1,0,0,0,0
R0107,reference,1,1,1,0,1,1,1,0,1,0,0,0,0,0,0,0,0,0,0,0
R0108,reference,1,0,1,1,0,0,0,0,1,1,0,1,0,0,0,0,1,0,0,0
R0109,reference,1,1,0,1,1,1,0,1,1,1,1,1,1,0,0,0,0,0,0,0
R0110,reference,1,1,1,1,1,0,1,0,1,0,1,0,0,1,1,0,0,0,0,0
R0111,reference,1,0,1,0,1,1,1,1,0,0,0,0,0,0,0,0,0,0,0,0
R0112,reference,1,1,1,1,1,1,1,1,1,1,1,1,1,1,1,1,0,0,0,0
R0113,reference,1,1,1,1,1,1,1,1,0,1,1,0,1,0,1,0,1,0,0,0
R0114,reference,1,1,1,1,1,1,1,1,1,1,1,1,1,0,0,0,1,1,0,0
R0115,reference,1,1,0,0,1,1,1,0,1,0,0,0,0,0,0,0,0,0,0,0
R0116,reference,1,1,1,1,1,1,1,1,1,1,1,0,1,1,1,0,0,0,0,0
R0117,reference,1,0,1,1,1,1,0,0,1,0,1,1,0,0,0,0,0,0,0,0
R0118,reference,1,1,1,1,1,1,1,1,1,1,0,1,1,0,1,0,0,0,0,0
R0119,reference,1,0,1,0,0,0,1,0,1,0,0,1,0,0,0,0,0,0,0,0
R0120,reference,0,1,1,1,1,1,0,1,0,1,0,1,0,1,0,0,0,0,0,0
R0121,reference,1,0,1,1,1,1,1,0,0,1,1,0,0,0,0,0,0,0,0,0
R0122,reference,1,1,0,1,1,1,0,0,1,0,0,0,0,0,0,0,0,0,0,0
R0123,reference,1,1,0,1,1,0,0,0,0,0,0,0,0,0,0,0,0,0,0,0
R0124,reference,1,0,1,0,1,0,1,0,0,0,1,1,1,0,0,0,0,0,0,0
R0125,reference,1,1,1,1,1,1,0,0,0,1,1,0,0,0,0,0,0,0,0,0
R0126,reference,1,1,1,1,1,1,0,1,1,1,0,1,0,1,0,0,0,0,0,0
R0127,reference,1,1,1,1,1,0,1,1,1,1,0,0,1,0,0,0,0,0,0,0
R0128,reference,1,1,1,1,1,0,1,1,1,1,0,1,0,1,0,0,0,1,0,0
R0129,reference,1,0,0,0,1,1,0,1,0,0,0,0,0,0,0,0,0,0,0,0
R0130,reference,1,1,0,0,1,0,0,1,0,0,1,0,0,0,0,0,0,0,0,0
R0131,reference,1,1,1,1,0,0,0,0,0,1,0,0,0,0,1,0,0,0,0,0
R0132,reference,1,1,1,1,1,1,1,0,0,0,0,0,0,0,1,0,0,0,0,0
R0133,reference,1,1,1,1,1,0,0,0,0,0,0,1,0,1,0,0,1,0,0,0
R0134,reference,1,1,1,1,1,0,1,1,1,1,1,1,1,1,0,0,1,1,0,1
R0135,reference,1,1,1,1,1,1,0,0,1,0,1,1,0,0,0,0,1,0,0,0
R0136,reference,1,1,1,1,1,0,1,0,1,0,1,0,0,0,0,0,1,0,0,0
R0137,reference,1,1,1,1,1,1,1,1,1,1,1,0,1,1,1,0,1,0,0,0
R0138,reference,1,1,1,1,1,1,0,0,0,1,0,1,0,0,0,0,0,0,0,0
R0139,reference,0,1,1,1,0,1,0,0,0,0,1,0,0,0,0,0,1,0,0,0
R0140,reference,1,1,1,1,1,1,1,1,1,1,0,0,1,0,1,0,0,0,0,0
R0141,reference,1,0,1,1,1,0,1,1,1,1,1,1,0,0,0,0,0,0,0,0
R0142,reference,1,1,1,1,1,1,0,0,0,1,0,0,0,1,0,0,0,0,0,0
R0143,reference,1,1,1,1,1,1,1,1,1,1,0,1,1,1,0,0,0,0,0,0
R0144,reference,1,1,1,1,1,1,1,0,1,1,1,1,1,0,1,1,0,0,1,0
R0145,reference,1,1,0,0,0,0,0,0,0,0,0,0,0,0,0,0,0,0,0,0
R0146,reference,1,1,1,0,1,1,0,0,0,0,0,0,0,0,0,0,0,0,0,0
R0147,reference,1,1,1,1,1,1,1,1,1,1,0,0,0,0,0,0,0,0,0,0
R0148,reference,1,1,1,1,1,1,1,1,1,1,1,1,0,1,1,1,1,1,0,0
R0149,reference,1,1,1,1,1,0,1,0,0,0,1,0,0,0,0,0,1,0,0,0
R0150,reference,1,1,1,1,1,0,1,1,1,1,1,1,1,1,1,1,1,1,0,0
R0151,reference,1,1,0,1,1,1,0,1,1,0,1,1,0,0,0,0,0,0,0,0
R0152,reference,0,1,1,1,1,1,1,1,1,1,0,1,1,1,0,0,0,0,0,0
R0153,reference,1,0,1,1,1,1,1,1,0,0,0,1,0,0,0,0,0,0,0,0
R0154,reference,0,0,1,0,0,0,0,0,0,0,0,0,0,0,0,0,0,0,0,0
R0155,reference,1,1,1,1,0,1,1,0,1,1,0,1,0,0,0,0,0,0,0,0
R0156,reference,1,1,0,1,1,0,1,0,1,1,0,0,0,0,0,1,0,0,0,0
R0157,reference,1,1,0,1,1,1,1,0,1,1,0,0,0,0,0,0,0,0,0,0
R0158,reference,1,1,1,0,1,1,1,1,1,1,1,1,0,0,0,0,0,0,0,0
R0159,reference,1,1,1,0,0,0,0,0,0,0,0,0,0,0,0,0,0,0,0,0
R0160,reference,1,1,1,1,1,1,1,1,0,1,1,1,0,1,1,0,0,0,0,0
R0161,reference,1,1,1,1,1,1,0,0,1,0,1,0,0,0,0,0,1,0,0,0
R0162,reference,1,1,1,1,1,1,1,1,1,1,1,1,1,0,1,0,1,1,1,1
R0163,reference,0,1,1,0,1,1,0,0,0,0,1,0,0,1,0,0,0,0,0,0
R0164,reference,1,1,0,0,1,0,1,1,0,0,0,0,0,0,0,0,0,0,0,0
R0165,reference,0,1,1,1,1,1,1,0,0,0,0,0,0,0,0,0,0,0,0,0
R0166,reference,1,1,1,1,1,1,0,1,1,1,1,0,0,0,1,0,1,0,0,0
R0167,reference,1,1,1,1,1,0,0,1,1,0,0,0,0,1,0,0,0,0,0,0
R0168,reference,1,1,1,1,1,1,0,1,0,0,1,0,0,1,0,0,1,1,0,0
R0169,reference,1,1,0,1,1,1,1,0,1,0,1,0,1,0,0,1,0,0,0,0
R0170,reference,1,1,1,1,1,0,1,1,0,0,0,1,0,1,0,0,0,0,0,0
R0171,reference,1,1,1,1,1,1,1,1,1,1,1,1,1,1,1,0,0,1,0,0
R0172,reference,1,1,1,1,1,1,0,1,1,0,0,1,0,0,0,0,0,0,0,0
R0173,reference,1,0,1,0,0,0,1,1,0,0,0,0,0,0,0,0,0,0,0,0
R0174,reference,0,1,0,0,1,1,1,0,1,0,1,1,0,0,0,0,1,0,0,0
R0175,reference,1,1,1,1,1,1,1,1,0,1,0,1,0,0,0,0,0,1,0,0
R0176,reference,1,1,1,1,1,0,1,0,0,0,0,1,0,0,0,0,0,0,0,0
R0177,reference,1,1,1,1,1,1,1,1,1,1,1,1,1,1,0,0,0,0,0,0
R0178,reference,1,1,1,1,1,1,1,1,0,1,1,0,0,0,0,0,0,0,0,0
R0179,reference,1,1,1,1,1,1,1,1,1,1,0,0,1,1,0,0,0,0,0,1
R0180,reference,1,1,1,1,1,1,1,1,1,1,1,0,1,1,1,1,1,1,1,1
R0181,reference,1,1,1,1,1,1,1,1,1,0,1,1,1,1,1,0,0,1,0,0
R0182,reference,0,1,0,1,1,0,0,1,0,1,0,1,0,0,0,0,0,0,0,0
R0183,reference,1,1,1,1,1,1,0,0,0,1,1,0,0,0,0,0,0,0,0,0
R0184,reference,1,1,1,1,0,0,1,0,0,0,1,0,1,0,0,0,0,0,0,0
R0185,reference,1,1,1,1,1,1,1,1,0,1,1,1,1,0,1,1,1,0,0,0
R0186,reference,0,1,0,1,1,0,0,1,1,0,0,1,0,1,0,0,0,0,0,0
R0187,reference,0,0,1,1,0,0,1,1,0,0,0,0,0,0,0,0,0,0,0,0
R0188,reference,1,0,0,1,1,1,1,1,1,1,1,1,0,1,0,1,1,0,0,0
R0189,reference,1,1,1,0,1,0,0,1,0,1,0,1,0,0,0,0,0,1,0,0
R0190,reference,1,0,1,0,0,1,0,0,1,1,0,0,0,0,0,0,0,0,0,0
R0191,reference,1,1,1,1,1,1,0,1,0,0,1,1,0,0,0,0,0,0,0,0
R0192,reference,0,0,0,1,0,1,1,1,0,0,0,0,0,1,0,0,1,0,0,0
R0193,reference,0,0,0,1,0,0,1,1,0,0,0,0,0,0,0,0,0,0,0,0
R0194,reference,1,0,1,0,0,1,0,0,0,0,0,0,0,0,0,0,0,0,0,0
R0195,reference,1,1,0,0,0,0,1,0,0,0,0,1,0,0,0,0,0,0,0,0
R0196,reference,1,1,0,0,1,0,0,0,0,0,0,0,0,0,0,0,0,0,0,0
R0197,reference,1,1,1,1,1,1,0,0,1,1,0,1,0,1,1,0,1,0,0,0
R0198,reference,1,1,1,1,1,1,1,1,1,1,1,0,0,1,0,0,1,0,0,0
R0199,reference,1,1,1,1,1,0,1,1,1,0,1,0,1,0,0,0,0,0,0,1
R0200,reference,0,1,1,1,1,0,1,0,1,1,0,0,0,0,0,0,0,0,0,0
R0201,reference,1,1,1,1,1,1,1,1,1,1,1,1,1,1,1,0,1,0,0,0
R0202,reference,1,0,1,1,1,1,1,0,1,1,0,1,1,1,1,1,0,1,0,0
R0203,reference,1,1,1,1,1,1,0,1,1,1,1,0,1,0,0,1,0,0,0,0
R0204,reference,1,1,1,1,1,0,1,1,1,1,1,0,1,0,0,0,1,0,0,0
R0205,reference,1,1,1,1,1,1,1,1,1,1,1,0,0,0,0,1,0,0,0,0
R0206,reference,1,1,0,0,1,0,1,1,0,0,1,0,0,0,0,1,0,0,0,0
R0207,reference,1,1,1,0,1,1,1,0,0,0,0,0,0,0,0,0,0,0,0,0
R0208,reference,0,1,1,1,0,0,0,0,1,0,0,0,0,0,0,0,0,0,0,0
R0209,reference,1,1,0,1,1,1,1,0,1,0,0,0,0,0,0,0,0,0,0,0
R0210,reference,1,1,1,1,1,1,1,0,0,1,0,1,1,0,1,0,1,1,0,0
R0211,reference,1,1,0,1,1,0,0,0,0,0,0,0,0,0,0,0,0,0,0,0
R0212,reference,1,1,1,1,1,1,1,1,1,1,0,0,1,0,0,0,0,0,0,0
R0213,reference,1,1,1,1,0,1,0,1,1,1,0,0,1,0,1,0,1,0,0,0
R0214,reference,1,1,0,1,1,0,1,0,1,1,1,0,1,1,0,0,0,0,0,0
R0215,reference,1,1,1,1,1,1,0,0,0,1,0,0,0,0,0,1,0,0,0,0
R0216,reference,1,1,1,1,1,0,1,1,1,1,1,1,0,1,0,0,0,0,0,0
R0217,reference,1,1,0,1,1,1,1,0,1,0,1,0,0,1,0,0,0,0,0,0
R0218,reference,1,1,1,1,1,1,0,0,0,1,1,0,0,0,0,0,0,0,0,0
R0219,reference,1,1,1,1,1,1,1,1,1,1,0,1,0,1,0,0,0,0,0,0
R0220,reference,1,1,0,1,0,1,0,0,0,1,0,0,0,0,0,0,0,0,0,0
R0221,reference,1,1,1,1,1,1,0,0,0,1,0,1,1,1,0,0,0,0,0,0
R0222,reference,0,0,0,0,0,1,0,0,0,0,0,0,0,0,0,0,0,0,0,0
R0223,reference,0,0,0,0,0,0,0,0,0,0,0,0,0,0,0,0,0,0,0,0
R0224,reference,1,1,1,1,1,1,1,0,0,1,1,0,0,1,1,1,0,0,0,0
R0225,reference,1,1,1,0,1,1,1,0,0,0,0,0,0,0,0,0,0,0,0,1
R0226,reference,1,1,1,1,1,0,1,1,1,1,0,1,1,1,0,1,0,0,0,0
R0227,reference,1,1,1,1,1,1,1,1,1,1,0,1,1,0,1,0,0,0,0,0
R0228,reference,1,1,1,1,1,1,1,1,0,1,1,1,1,0,1,1,0,0,0,0
R0229,reference,1,1,1,1,1,1,1,0,1,1,0,0,0,1,0,0,0,1,0,0
R0230,reference,1,1,1,1,1,1,1,0,1,1,1,1,1,1,1,0,0,0,0,0
R0231,reference,1,1,1,1,1,1,1,0,1,1,0,1,1,0,0,0,0,0,1,0
R0232,reference,1,1,1,1,1,1,1,1,1,1,1,1,1,0,0,1,0,0,0,0
R0233,reference,1,1,1,1,0,0,0,1,0,1,0,0,0,0,0,0,0,0,0,0
R0234,reference,1,1,1,1,1,1,1,0,0,1,1,0,1,1,1,1,1,0,0,0
R0235,reference,1,1,1,1,1,1,1,0,1,1,1,1,1,0,1,1,0,0,0,0
R0236,reference,1,1,1,1,1,0,0,1,0,1,0,0,0,0,0,0,0,0,0,0
R0237,reference,1,1,1,1,0,1,0,0,1,1,0,1,0,1,0,0,1,0,0,0
R0238,reference,1,1,1,1,1,1,1,1,1,1,1,1,1,1,0,1,0,1,0,0
R0239,reference,1,1,0,1,1,1,1,1,0,0,1,0,0,1,1,0,0,0,0,0
R0240,reference,1,1,1,1,1,1,0,0,0,0,0,0,0,0,0,0,0,0,0,0
R0241,reference,1,1,1,1,1,1,1,1,1,1,1,0,0,1,1,0,1,1,1,0
R0242,reference,1,1,1,1,1,1,1,1,1,1,1,1,1,1,1,1,0,1,0,0
R0243,reference,0,0,0,0,0,0,0,0,0,0,1,0,0,0,0,1,0,0,0,0
R0244,reference,1,0,0,1,0,0,1,1,0,1,0,0,0,0,0,0,0,0,0,0
R0245,reference,1,1,1,1,1,0,1,0,1,1,1,1,0,1,1,0,0,0,0,0
R0246,reference,1,1,1,1,1,1,0,0,1,1,0,0,1,1,1,0,0,0,0,0
R0247,reference,1,1,1,1,1,1,1,1,1,1,1,0,1,1,1,1,1,0,0,0
R0248,reference,0,1,0,0,0,0,0,0,0,0,0,1,0,0,0,0,0,0,0,0
R0249,reference,1,1,1,1,1,1,1,1,1,1,1,1,1,0,0,0,0,0,1,0
R0250,reference,0,0,1,1,0,0,0,1,0,0,0,0,0,0,0,0,0,0,0,0
R0251,reference,0,1,0,0,0,1,1,0,0,0,0,0,0,0,0,0,0,0,0,0
R0252,reference,1,1,1,1,1,1,0,1,1,1,1,1,1,1,1,0,0,0,0,0
R0253,reference,1,0,0,0,0,0,1,0,0,0,1,0,0,0,0,0,0,0,0,0
R0254,reference,1,1,1,1,1,0,1,0,1,1,1,1,0,0,0,0,0,0,0,0
R0255,reference,1,0,1,1,1,1,1,1,1,1,1,1,1,0,1,1,1,0,0,0
R0256,reference,1,1,1,1,1,0,1,0,0,1,1,0,0,1,0,0,0,0,0,0
R0257,reference,1,1,1,1,0,0,0,0,0,0,1,0,0,0,0,0,0,0,0,0
R0258,reference,1,1,1,1,1,1,1,1,1,0,1,1,1,1,0,0,0,0,1,0
R0259,reference,1,1,0,0,0,0,0,0,0,0,0,1,0,0,0,0,0,0,0,0
R0260,reference,0,1,1,1,0,0,1,0,0,0,0,0,0,0,0,0,0,0,0,0
R0261,reference,1,0,1,1,1,0,0,1,0,0,1,1,0,0,0,0,0,0,0,0
R0262,reference,1,1,0,1,0,1,0,1,0,0,0,0,0,1,0,0,0,0,0,0
R0263,reference,1,1,1,1,1,0,0,1,0,1,1,1,0,0,1,1,0,0,0,0
R0264,reference,1,1,1,0,1,1,1,0,0,1,1,0,0,0,0,0,0,0,0,0
R0265,reference,1,0,0,1,0,0,0,1,0,0,0,0,0,1,0,0,1,0,0,0
R0266,reference,1,1,1,1,1,1,1,1,1,1,0,0,1,1,0,0,1,0,0,0
R0267,reference,1,1,1,1,1,1,1,1,1,1,1,1,1,1,1,1,0,1,0,0
R0268,reference,1,1,1,1,1,1,0,1,0,0,0,0,0,0,0,0,0,0,0,0
R0269,reference,1,1,1,1,0,1,1,0,1,0,0,1,0,0,0,0,0,0,0,0
R0270,reference,1,1,1,1,1,1,1,0,1,1,1,1,0,1,1,0,0,0,0,1
R0271,reference,1,1,1,1,1,1,0,1,1,0,0,1,0,0,1,0,0,0,0,0
R0272,reference,1,1,1,1,1,1,0,1,1,1,1,0,0,0,0,0,0,0,0,0
R0273,reference,1,1,1,1,1,1,0,1,0,0,1,1,0,0,0,0,0,0,0,1
R0274,reference,1,0,1,1,1,1,1,0,0,1,1,0,0,0,0,0,0,0,0,0
R0275,reference,1,1,1,0,1,1,1,1,0,0,1,0,0,0,0,1,0,0,0,0
R0276,reference,1,0,1,1,0,0,0,1,0,0,0,0,0,0,0,0,0,0,0,0
R0277,reference,1,1,1,1,1,1,0,0,1,1,0,0,0,1,0,0,0,0,0,0
R0278,reference,1,1,1,1,1,0,1,0,1,0,0,1,0,0,0,0,0,0,0,0
R0279,reference,0,1,1,1,1,1,1,0,1,0,1,1,1,0,0,0,1,0,0,0
R0280,reference,1,1,0,1,0,0,1,1,0,0,0,0,1,0,0,0,0,0,0,0
R0281,reference,1,1,1,1,1,1,1,1,1,1,1,0,1,1,1,1,1,0,1,1
R0282,reference,1,1,0,1,1,0,1,0,0,1,0,0,0,0,0,0,0,0,0,0
R0283,reference,1,1,1,1,1,0,0,0,1,0,0,0,0,0,0,0,0,0,0,0
R0284,reference,1,1,1,1,1,0,1,1,0,1,0,0,0,0,0,0,1,0,0,0
R0285,reference,1,1,1,1,1,1,1,1,1,1,1,1,1,1,1,1,1,1,0,0
R0286,reference,1,1,0,1,1,1,0,1,1,0,0,0,0,0,0,0,0,0,0,0
R0287,reference,1,1,1,1,1,0,1,1,1,0,1,1,0,0,1,1,0,0,0,0
R0288,reference,1,1,1,1,1,0,1,1,0,1,1,0,0,1,0,0,0,0,0,0
R0289,reference,1,1,1,1,1,1,1,1,1,1,1,0,1,1,1,1,1,0,0,1
R0290,reference,1,1,1,1,1,1,1,1,1,0,0,0,1,1,0,1,0,0,1,1
R0291,reference,1,1,1,1,0,1,1,0,1,1,0,1,0,0,0,0,0,0,0,0
R0292,reference,1,1,1,1,1,1,1,0,1,0,0,0,0,1,0,0,0,0,0,0
R0293,reference,1,1,1,1,1,1,1,1,1,1,1,1,1,0,0,1,1,0,1,0
R0294,reference,1,1,1,1,1,1,1,0,1,0,0,0,0,1,0,0,0,0,0,0
R0295,reference,1,1,0,1,1,0,0,0,1,1,0,0,1,0,0,0,0,0,0,0
R0296,reference,1,1,1,1,1,1,0,1,1,0,1,0,1,0,0,0,0,0,0,0
R0297,reference,1,1,1,1,1,1,1,1,1,1,1,0,1,1,1,1,0,0,0,0
R0298,reference,1,1,1,1,1,1,1,1,0,1,0,1,0,0,0,1,0,0,0,0
R0299,reference,1,1,1,1,1,1,1,1,0,0,1,0,1,0,1,1,1,0,0,0
R0300,reference,1,1,1,1,1,0,1,1,0,1,0,1,0,0,1,0,0,0,0,1
R0301,reference,1,1,0,1,0,0,0,0,0,0,0,0,0,0,0,0,0,0,0,0
R0302,reference,1,1,1,1,1,1,1,0,0,1,1,0,0,0,0,1,0,0,0,0
R0303,reference,1,1,1,1,1,1,1,0,1,1,1,0,1,0,0,0,0,1,1,0
R0304,reference,1,0,1,1,1,1,0,1,1,0,0,0,0,1,0,0,0,0,0,0
R0305,reference,1,1,1,1,0,0,0,0,1,1,0,1,0,0,0,0,0,0,0,1
R0306,reference,1,1,1,1,1,1,1,1,1,1,1,1,1,1,0,0,1,0,0,0
R0307,reference,0,0,0,0,1,0,0,1,0,0,1,1,0,0,0,0,0,0,0,0
R0308,reference,1,1,1,1,1,1,0,1,1,1,1,1,1,0,0,0,0,0,0,0
R0309,reference,1,1,1,1,1,1,1,1,1,1,1,1,1,0,0,1,0,0,0,0
R0310,reference,0,1,1,0,0,1,0,1,1,0,0,1,0,1,0,0,1,0,0,0
R0311,reference,1,1,1,0,1,0,1,0,0,1,1,0,0,0,0,0,0,0,0,0
R0312,reference,1,1,0,0,0,0,0,0,0,0,0,0,0,0,0,0,0,0,0,0
R0313,reference,1,1,1,1,1,1,0,1,1,1,0,1,1,0,1,1,0,0,0,1
R0314,reference,1,1,1,1,1,1,1,1,1,0,1,1,1,0,0,0,0,0,0,0
R0315,reference,1,1,1,1,1,1,1,1,1,1,1,0,1,1,0,0,0,0,0,0
R0316,reference,1,1,0,1,1,1,1,0,1,1,0,0,1,1,0,0,0,0,0,0
R0317,reference,1,1,1,1,1,1,0,1,0,1,1,0,0,1,0,0,0,0,0,0
R0318,reference,1,1,1,1,0,1,1,0,1,0,0,1,0,0,0,0,0,0,0,0
R0319,reference,1,1,1,1,0,1,1,0,0,1,1,0,1,0,0,0,0,0,0,0
R0320,reference,1,1,1,0,1,0,1,0,1,0,1,0,0,0,0,0,0,0,0,0
R0321,reference,1,1,1,1,1,1,1,1,1,1,1,1,1,1,1,0,1,0,0,0
R0322,reference,1,0,0,1,0,0,0,0,0,0,0,0,0,0,0,0,0,0,0,0
R0323,reference,1,1,1,0,0,1,1,1,1,0,0,0,0,0,0,0,0,0,0,0
R0324,reference,1,1,1,1,1,1,1,1,1,0,1,1,1,0,0,0,1,0,0,0
R0325,reference,1,1,1,1,1,1,0,0,0,1,0,1,1,1,0,0,0,0,0,0
R0326,reference,0,1,0,1,0,0,0,0,0,0,0,0,0,0,0,0,0,0,0,0
R0327,reference,1,1,0,1,1,1,1,1,1,1,1,1,1,0,0,0,0,0,0,0
R0328,reference,0,1,1,0,0,0,1,0,1,0,0,0,0,0,0,1,0,0,0,0
R0329,reference,1,1,0,1,1,0,0,1,0,1,1,1,0,0,0,0,0,0,0,0
R0330,reference,1,1,0,1,1,1,0,0,1,1,0,1,0,0,0,0,0,0,0,0
R0331,reference,1,1,0,0,1,0,1,0,0,0,0,1,0,0,0,0,0,0,0,0
R0332,reference,0,1,0,1,0,1,0,0,0,1,0,1,0,0,0,0,1,0,0,0
R0333,reference,1,0,0,1,1,1,1,1,1,1,0,0,0,0,0,0,0,0,0,0
R0334,reference,1,1,1,1,1,1,0,0,1,0,1,0,0,1,0,0,1,0,0,0
R0335,reference,1,1,1,1,1,0,1,0,0,1,1,0,1,1,0,0,1,0,0,0
R0336,reference,1,1,1,1,1,1,1,0,1,1,0,0,1,0,1,1,0,0,0,0
R0337,reference,1,1,1,1,1,1,0,0,1,1,0,0,0,1,1,0,0,0,0,0
R0338,reference,1,1,1,1,1,1,1,1,0,0,0,1,0,0,1,0,0,0,1,0
R0339,reference,1,1,1,1,1,1,1,1,1,1,1,1,1,1,1,1,1,1,1,1
R0340,reference,1,1,1,1,1,1,1,1,1,0,0,1,0,0,0,0,0,0,0,0
R0341,reference,1,1,1,1,1,1,1,1,1,1,1,1,1,1,1,0,1,1,0,0
R0342,reference,1,1,1,1,1,1,1,1,0,1,0,1,0,0,0,0,0,0,0,0
R0343,reference,1,1,1,1,1,1,1,1,1,1,0,0,0,0,0,0,0,0,0,0
R0344,reference,1,1,1,1,1,1,0,0,1,1,0,0,0,1,0,0,0,0,0,0
R0345,reference,1,1,1,1,1,0,1,1,0,0,0,1,0,1,0,0,0,0,0,0
R0346,reference,0,0,1,0,0,0,1,1,0,0,0,0,0,0,0,0,0,0,0,0
R0347,reference,1,0,0,0,0,0,0,0,0,0,0,0,0,0,0,0,0,0,0,0
R0348,reference,1,0,0,0,0,0,0,0,0,0,0,1,0,0,0,0,0,0,0,0
R0349,reference,1,0,1,0,1,0,0,0,0,0,0,0,0,0,0,0,0,0,0,0
R0350,reference,1,1,0,0,1,1,0,0,1,0,0,1,0,0,0,0,0,0,0,0
R0351,reference,1,1,1,1,0,1,1,1,1,0,0,0,0,1,0,0,0,0,0,0
R0352,reference,0,1,1,1,1,0,0,1,1,0,1,0,0,0,0,0,0,0,0,0
R0353,reference,1,1,0,0,0,0,0,0,1,0,0,0,0,1,0,0,0,0,1,0
R0354,reference,1,1,0,0,0,0,0,0,0,0,0,0,0,0,0,0,0,0,0,0
R0355,reference,1,1,1,1,1,1,0,0,0,1,1,0,0,0,0,0,0,0,0,0
R0356,reference,1,1,0,1,1,1,1,0,0,0,0,1,0,1,0,0,1,1,0,0
R0357,reference,0,1,1,1,1,1,1,1,1,1,1,1,0,0,1,1,1,0,0,1
R0358,reference,0,1,0,1,1,1,0,0,1,1,1,1,1,0,0,0,0,0,0,0
R0359,reference,1,1,1,1,1,1,1,0,0,1,0,0,0,0,0,0,1,0,0,0
R0360,reference,1,1,1,1,0,1,1,0,1,0,0,0,0,0,0,1,0,0,0,0
R0361,reference,1,1,1,1,1,1,1,1,1,1,0,0,1,0,0,1,1,0,0,0
R0362,reference,1,1,1,1,0,1,0,1,0,0,0,0,0,0,0,1,0,0,0,0
R0363,reference,1,1,1,1,1,0,0,0,1,1,0,1,1,0,0,0,1,0,0,0
R0364,reference,1,1,1,1,1,0,1,0,1,0,0,0,0,0,0,0,0,0,0,0
R0365,reference,1,1,1,1,0,1,0,1,0,1,0,0,0,0,0,1,0,0,0,0
R0366,reference,1,1,0,0,1,1,0,0,0,0,0,0,0,0,0,0,0,0,0,0
R0367,reference,1,1,1,1,0,1,1,1,1,0,0,0,0,1,0,0,0,0,0,0
R0368,reference,1,1,1,1,1,1,1,1,0,1,0,0,1,1,0,1,0,0,0,0
R0369,reference,1,1,1,1,1,1,1,1,1,0,0,0,0,0,0,0,0,0,0,0
R0370,reference,1,0,1,1,1,0,0,1,0,0,0,0,0,0,0,0,0,0,0,0
R0371,reference,1,1,1,1,1,1,1,1,1,1,1,1,1,1,1,1,1,0,1,0
R0372,reference,1,1,0,0,0,1,0,0,0,0,0,0,0,0,0,0,0,0,0,0
R0373,reference,1,1,1,1,1,1,1,0,1,0,1,1,0,0,1,0,0,0,0,0
R0374,reference,1,1,1,1,1,1,0,1,0,0,0,0,0,0,0,0,0,0,0,0
R0375,reference,1,1,0,1,1,1,1,1,1,0,1,0,1,0,0,0,1,0,0,0
R0376,reference,1,1,1,1,1,1,1,1,1,0,1,1,0,1,0,0,0,0,0,0
R0377,reference,1,1,1,1,1,1,1,1,1,1,1,0,1,0,1,0,1,1,1,0
R0378,reference,1,1,1,1,1,1,1,1,1,1,1,1,0,1,0,0,1,0,0,0
R0379,reference,1,1,1,1,1,1,1,0,1,1,1,1,1,0,0,0,0,0,0,0
R0380,reference,1,1,1,1,1,1,1,1,1,1,1,1,1,0,1,0,1,0,0,0
R0381,reference,0,1,1,1,0,1,0,0,0,0,0,0,0,0,0,0,0,0,0,0
R0382,reference,1,1,1,1,1,1,1,0,0,1,1,0,0,0,0,0,0,0,0,0
R0383,reference,1,1,1,1,1,0,1,1,1,1,1,1,1,0,1,1,0,0,0,0
R0384,reference,1,1,1,1,1,1,1,1,1,1,0,1,1,0,0,1,0,0,0,0
R0385,reference,0,1,1,1,1,1,0,1,1,1,0,0,0,0,0,0,0,0,0,0
R0386,reference,1,1,1,1,1,1,1,1,1,0,0,0,1,1,0,0,0,0,0,0
R0387,reference,1,1,1,1,1,1,1,0,1,1,1,1,1,0,0,0,1,1,0,0
R0388,reference,1,1,1,1,1,0,1,1,1,0,0,0,0,0,0,0,0,0,0,0
R0389,reference,1,1,1,1,1,0,1,1,1,1,0,1,1,1,0,1,0,0,0,0
R0390,reference,1,1,1,0,0,0,1,0,0,0,1,0,0,0,0,0,0,0,0,0
R0391,reference,1,0,1,1,0,1,0,0,0,0,0,0,0,1,0,0,0,0,0,0
R0392,reference,1,1,1,1,0,1,0,0,0,0,0,0,0,0,0,0,0,0,0,0
R0393,reference,1,1,0,1,1,1,1,1,1,1,1,1,1,1,1,0,1,1,1,0
R0394,reference,1,1,0,1,0,1,0,1,1,1,1,1,0,1,0,0,0,0,0,0
R0395,reference,1,1,1,1,1,1,1,1,1,0,0,0,1,0,0,0,0,0,0,0
R0396,reference,1,1,1,1,0,1,1,0,1,1,0,1,0,0,1,0,0,0,0,0
R0397,reference,1,1,0,0,1,1,1,0,0,0,0,0,0,0,0,0,0,0,0,0
R0398,reference,1,1,1,1,0,1,1,1,1,0,0,0,0,0,0,0,0,0,0,0
R0399,reference,1,1,1,1,1,1,1,1,1,1,0,1,1,1,1,1,0,1,0,1
R0400,reference,1,1,0,0,1,0,1,1,0,0,0,1,0,1,0,0,0,0,0,0
R0401,focal,1,1,1,1,1,0,1,0,1,1,0,0,0,0,0,0,0,0,0,0
R0402,focal,1,1,0,1,1,1,1,1,1,1,0,1,1,1,0,1,0,1,0,0
R0403,focal,1,1,1,1,0,0,0,1,0,1,1,0,0,0,0,0,0,0,0,0
R0404,focal,1,1,1,1,0,1,1,0,0,1,1,0,1,1,1,0,0,1,0,0
R0405,focal,1,1,1,1,1,1,1,1,1,1,0,1,1,1,1,0,0,0,0,0
R0406,focal,1,1,1,1,1,1,1,0,1,1,0,1,1,0,0,1,0,0,0,0
R0407,focal,1,1,1,1,1,1,1,1,1,1,0,0,1,1,1,0,0,0,0,0
R0408,focal,0,1,0,0,0,0,1,1,0,1,0,0,0,0,0,0,0,0,0,0
R0409,focal,0,1,1,1,1,1,1,0,0,1,0,0,0,1,0,0,0,0,0,0
R0410,focal,1,1,1,1,1,1,1,0,1,1,0,1,1,1,0,1,1,0,0,0
R0411,focal,1,1,1,1,1,1,1,1,1,1,1,1,1,0,0,1,0,1,1,0
R0412,focal,1,1,0,1,0,1,1,1,0,0,0,0,0,1,0,0,0,0,0,0
R0413,focal,1,0,1,1,0,0,0,0,0,0,0,0,0,0,0,1,0,0,0,0
R0414,focal,0,0,0,1,1,0,1,0,0,1,0,0,0,0,0,0,0,0,0,0
R0415,focal,1,1,1,1,1,1,1,1,1,1,1,0,1,0,1,0,1,1,0,0
R0416,focal,1,1,1,1,1,1,1,1,1,1,0,0,1,0,0,0,0,1,0,0
R0417,focal,1,1,1,1,1,1,1,1,1,1,1,0,1,0,0,1,1,0,1,0
R0418,focal,1,1,1,1,0,0,1,1,1,0,0,1,1,1,0,1,0,0,0,0
R0419,focal,1,1,1,1,1,1,1,1,1,1,0,0,0,1,0,1,0,0,0,0
R0420,focal,1,1,1,1,1,1,1,1,1,1,1,1,1,1,1,1,1,1,1,0
R0421,focal,1,1,1,0,1,0,1,1,0,1,1,1,0,1,0,0,0,0,0,0
R0422,focal,1,1,1,1,1,0,1,1,1,1,0,1,1,1,0,0,0,0,0,0
R0423,focal,1,1,0,1,0,1,1,0,1,1,0,0,0,0,0,0,0,0,0,1
R0424,focal,0,1,0,0,0,0,0,0,0,0,0,0,0,0,0,0,0,0,0,0
R0425,focal,1,1,1,1,1,0,1,1,1,1,0,1,1,0,0,0,0,0,0,0
R0426,focal,1,1,0,1,1,0,1,1,0,1,1,1,0,0,0,0,0,0,0,0
R0427,focal,1,1,0,1,1,1,1,1,1,0,0,0,0,0,0,0,0,0,0,0
R0428,focal,1,1,1,1,1,1,1,1,1,1,0,1,1,0,0,0,0,0,1,0
R0429,focal,0,0,0,1,0,1,0,0,0,0,0,0,0,0,0,0,0,0,0,0
R0430,focal,1,1,1,1,1,1,1,0,1,1,0,1,1,1,1,0,1,0,0,0
R0431,focal,1,1,0,1,0,1,1,0,1,0,0,1,0,0,0,0,0,0,0,0
R0432,focal,1,1,1,1,1,1,1,0,1,1,0,1,1,0,0,1,0,0,0,0
R0433,focal,1,1,1,1,1,1,1,0,0,1,0,1,1,1,1,0,0,0,0,0
R0434,focal,1,1,0,1,1,1,1,1,1,1,1,1,1,0,1,0,0,0,0,0
R0435,focal,0,1,1,1,0,0,1,0,0,0,0,0,0,0,0,0,0,0,0,0
R0436,focal,0,0,1,1,1,0,0,0,0,0,0,1,0,0,0,1,0,0,0,0
R0437,focal,1,1,0,1,0,1,1,1,1,0,0,0,0,0,0,0,0,0,0,0
R0438,focal,1,1,0,1,1,1,1,0,1,0,1,0,0,1,0,0,0,0,0,1
R0439,focal,1,1,1,0,0,0,0,1,1,0,0,0,0,1,0,1,0,0,0,0
R0440,focal,0,1,1,0,0,1,1,1,1,1,0,1,0,1,0,1,0,0,0,0
R0441,focal,1,1,1,1,0,1,1,0,0,1,0,0,0,0,0,0,0,0,0,0
R0442,focal,1,1,1,1,1,1,1,0,1,1,1,0,1,0,0,1,0,0,0,0
R0443,focal,1,1,0,1,0,0,1,0,1,0,1,0,0,0,0,1,0,0,0,0
R0444,focal,1,1,1,1,1,1,0,1,1,0,1,1,0,0,0,1,1,1,0,0
R0445,focal,1,1,1,1,0,0,1,1,1,1,0,0,0,0,0,0,0,0,0,0
R0446,focal,1,1,1,1,1,1,1,1,1,0,0,0,0,0,0,0,0,0,0,0
R0447,focal,0,1,0,1,0,0,0,0,0,0,0,0,0,0,0,0,0,0,0,0
R0448,focal,1,1,1,1,1,0,1,0,1,1,0,0,0,0,0,0,0,0,0,0
R0449,focal,1,1,0,1,1,0,0,1,0,1,0,0,0,0,0,0,0,0,0,0
R0450,focal,1,1,1,1,0,0,1,0,1,1,0,1,0,0,0,0,0,0,0,0
R0451,focal,1,1,1,1,1,1,0,1,0,0,1,0,0,0,0,0,0,0,0,0
R0452,focal,1,1,1,1,1,1,1,0,0,0,0,0,1,0,0,0,0,0,0,0
R0453,focal,1,1,1,1,1,1,1,1,0,1,1,0,0,1,1,0,0,0,0,0
R0454,focal,1,1,1,1,1,1,1,1,0,0,1,1,0,0,0,1,0,0,0,0
R0455,focal,1,1,1,1,1,1,0,1,0,1,1,0,1,0,0,0,0,0,0,0
R0456,focal,1,0,1,1,0,0,1,0,0,1,1,0,0,0,0,0,0,0,0,0
R0457,focal,1,1,1,1,0,0,1,1,1,1,0,1,0,0,0,0,0,0,0,0
R0458,focal,1,1,1,1,0,0,1,1,1,1,0,1,0,0,0,0,0,0,0,0
R0459,focal,1,1,1,1,1,1,1,0,1,1,0,1,1,1,0,0,0,0,0,0
R0460,focal,1,1,1,1,1,0,1,1,1,0,0,0,1,1,0,0,0,0,0,0
R0461,focal,1,1,1,1,0,0,0,0,0,1,1,0,0,0,0,0,0,0,0,0
R0462,focal,1,1,1,1,0,0,1,0,1,1,0,0,0,0,0,0,0,0,0,0
R0463,focal,1,1,1,1,1,1,1,0,1,1,1,0,1,0,0,0,1,1,0,0
R0464,focal,1,1,1,1,0,1,1,0,1,0,1,0,0,0,1,0,0,1,0,0
R0465,focal,1,1,1,0,0,0,0,0,0,0,0,0,0,0,0,0,0,0,0,0
R0466,focal,1,1,1,1,1,1,1,1,1,1,0,1,0,1,0,1,0,0,0,0
R0467,focal,1,1,0,0,0,0,0,0,0,0,0,0,0,0,0,0,0,0,0,0
R0468,focal,1,0,1,1,0,1,0,0,0,0,0,0,0,0,0,0,0,0,0,0
R0469,focal,1,1,1,1,1,1,0,0,1,0,0,0,0,0,0,0,0,0,0,1
R0470,focal,1,0,1,1,0,0,0,1,1,1,0,1,1,0,0,0,0,0,0,0
R0471,focal,1,1,0,1,0,1,0,1,0,1,0,0,0,0,0,0,0,0,0,0
R0472,focal,1,1,0,1,0,1,0,1,0,1,0,0,0,1,0,0,0,0,0,0
R0473,focal,1,1,1,1,1,0,1,1,1,1,0,1,0,0,1,0,0,0,0,0
R0474,focal,1,1,1,1,1,1,1,1,0,1,0,1,1,0,0,0,0,0,0,0
R0475,focal,1,1,1,1,1,1,1,0,1,0,0,0,0,0,0,0,0,0,0,0
R0476,focal,1,1,0,0,0,1,1,1,0,0,0,1,0,0,0,0,0,1,0,0
R0477,focal,1,1,1,1,0,1,0,0,1,1,1,0,0,0,0,0,0,0,0,0
R0478,focal,1,1,1,1,1,1,1,1,1,1,1,1,1,0,1,1,0,1,0,0
R0479,focal,1,1,1,1,0,0,0,1,0,0,0,0,0,0,0,0,0,0,0,0
R0480,focal,1,1,1,1,0,0,1,1,1,0,0,0,0,0,0,0,0,0,0,0
R0481,focal,1,1,1,1,1,1,1,0,1,1,1,0,0,0,0,0,0,0,0,0
R0482,focal,1,1,0,1,1,1,1,0,1,1,1,0,1,1,0,0,0,0,0,1
R0483,focal,1,1,1,1,1,1,1,0,0,1,0,1,0,0,0,0,0,0,0,0
R0484,focal,1,1,1,1,0,1,1,1,1,1,1,1,0,0,1,0,0,0,0,0
R0485,focal,1,1,0,1,0,0,0,0,0,0,0,1,0,0,0,0,0,0,0,0
R0486,focal,1,1,1,0,1,1,1,0,1,1,0,0,0,0,0,0,0,0,0,0
R0487,focal,1,0,0,1,0,0,0,0,0,0,0,0,0,0,0,0,0,0,0,0
R0488,focal,1,1,0,1,0,1,1,1,1,1,0,0,0,0,0,0,0,0,0,0
R0489,focal,1,1,1,1,0,1,1,1,1,1,0,1,0,0,0,0,0,0,0,0
R0490,focal,1,1,1,1,1,1,1,1,1,1,1,1,0,1,0,0,0,0,0,0
R0491,focal,1,1,1,1,1,1,1,0,1,1,0,0,1,0,0,0,0,0,0,0
R0492,focal,1,1,1,1,0,1,1,0,1,0,0,1,1,0,0,0,0,0,0,0
R0493,focal,0,1,1,1,1,0,1,1,1,0,0,0,1,0,0,0,0,0,0,0
R0494,focal,1,1,0,1,0,0,1,1,0,0,0,0,1,1,0,0,0,0,0,0
R0495,focal,1,1,1,1,1,0,1,1,1,1,0,0,0,1,0,1,0,1,0,0
R0496,focal,1,1,1,0,1,0,1,0,1,0,0,0,0,0,0,0,0,0,0,0
R0497,focal,1,1,0,1,0,1,1,0,0,0,0,0,0,0,0,0,0,0,0,0
R0498,focal,1,0,0,1,1,1,1,1,1,1,0,0,0,1,0,0,0,0,0,0
R0499,focal,1,1,1,1,1,1,1,1,1,1,0,1,1,1,1,0,0,0,0,0
R0500,focal,1,1,1,1,0,1,0,0,1,1,0,0,0,0,0,0,0,0,0,0
R0501,focal,1,1,1,1,1,1,1,0,1,0,0,0,0,0,1,0,1,0,0,0
R0502,focal,1,1,0,0,1,1,0,1,0,0,0,1,0,0,0,0,0,0,0,0
R0503,focal,1,1,1,1,1,0,0,0,0,0,0,0,0,0,0,0,0,0,0,0
R0504,focal,1,1,1,0,0,1,0,0,1,1,1,1,1,0,1,0,0,0,0,0
R0505,focal,1,1,1,1,1,1,1,1,1,1,0,1,1,1,1,0,1,1,0,1
R0506,focal,1,1,1,1,0,1,1,1,0,0,0,1,1,1,0,0,0,0,1,0
R0507,focal,0,1,0,0,0,1,0,0,0,0,0,0,0,0,0,0,0,0,0,0
R0508,focal,1,1,1,1,0,1,0,0,0,1,0,0,0,0,0,0,0,0,0,0
R0509,focal,1,0,1,1,1,1,1,1,1,1,1,0,1,1,1,0,0,0,0,0
R0510,focal,1,1,1,1,1,1,0,0,1,0,0,1,0,0,0,0,0,0,0,0
R0511,focal,1,1,1,1,1,1,1,1,1,1,0,0,1,0,0,1,0,0,0,0
R0512,focal,1,1,0,1,0,0,1,1,0,1,0,0,0,0,0,0,0,0,0,0
R0513,focal,1,0,1,1,0,1,0,1,1,0,1,0,0,0,0,0,0,0,0,0
R0514,focal,1,1,0,1,1,1,1,1,1,0,0,1,1,0,0,1,0,0,0,0
R0515,focal,1,1,1,0,1,1,1,1,1,1,0,0,0,1,0,1,0,0,0,0
R0516,focal,1,1,1,1,1,1,1,1,1,1,1,1,1,1,1,1,0,1,1,1
R0517,focal,1,1,0,1,1,1,1,1,1,1,0,0,1,1,0,0,0,0,0,0
R0518,focal,0,1,0,1,0,1,1,0,0,0,0,0,0,0,0,0,0,0,0,0
R0519,focal,1,1,1,1,1,1,1,1,1,1,1,1,0,1,1,1,0,1,0,0
R0520,focal,1,0,1,1,1,1,1,1,1,1,0,0,0,0,0,0,0,0,0,0
R0521,focal,1,0,1,1,0,0,1,1,0,0,0,0,0,0,0,0,0,0,0,0
R0522,focal,1,1,1,1,0,0,0,1,0,0,0,0,1,0,0,0,0,0,0,0
R0523,focal,1,1,1,1,1,1,0,1,1,1,0,1,0,0,0,1,0,0,0,1
R0524,focal,1,1,1,1,1,1,0,1,1,1,0,1,1,0,0,1,0,0,0,0
R0525,focal,1,1,1,1,1,1,1,1,1,1,0,0,1,0,1,0,0,0,0,0
R0526,focal,1,1,1,1,1,1,1,1,1,1,1,1,0,0,0,0,1,0,0,0
R0527,focal,1,1,1,1,1,1,1,1,0,0,0,0,0,0,1,0,0,0,0,0
R0528,focal,1,1,1,0,0,1,1,1,0,1,0,0,0,0,0,1,0,0,1,0
R0529,focal,1,1,1,1,1,1,1,1,1,1,0,1,1,1,1,1,0,1,0,1
R0530,focal,1,1,1,1,1,0,1,1,1,0,1,1,1,1,1,1,0,0,0,0
R0531,focal,1,1,1,1,1,1,1,0,1,1,1,1,1,1,1,0,0,0,0,0
R0532,focal,1,1,1,1,1,1,1,1,1,1,0,1,0,0,0,0,0,0,1,0
R0533,focal,1,1,1,1,0,1,1,1,1,0,1,0,1,0,0,0,0,1,0,0
R0534,focal,1,1,1,1,1,1,1,1,1,1,1,1,0,0,0,0,0,0,0,0
R0535,focal,1,1,1,1,1,1,1,0,1,1,1,0,1,0,1,1,1,1,0,0
R0536,focal,0,0,1,0,0,0,1,0,0,0,0,0,0,0,0,0,0,0,0,0
R0537,focal,1,1,1,1,1,1,1,1,1,1,1,1,1,1,1,1,1,0,1,1
R0538,focal,1,1,0,1,0,1,1,1,1,0,0,1,1,1,0,0,0,0,0,0
R0539,focal,1,1,1,1,1,1,1,1,1,1,0,0,0,0,0,0,0,0,0,0
R0540,focal,0,1,1,0,1,1,0,0,1,1,1,1,1,0,1,0,0,0,0,0
R0541,focal,1,1,0,1,0,1,1,0,0,1,0,0,0,0,0,0,0,0,0,0
R0542,focal,1,1,0,1,0,0,1,1,1,0,0,0,0,0,0,0,0,0,0,0
R0543,focal,0,1,1,0,0,1,1,1,0,1,0,1,1,0,0,0,0,0,0,0
R0544,focal,1,1,1,0,0,1,1,0,0,0,0,0,0,0,0,0,0,0,0,0
R0545,focal,1,1,1,1,0,1,1,1,1,0,1,0,0,0,0,0,0,1,0,0
R0546,focal,1,1,1,1,0,1,1,0,0,0,0,0,0,0,0,0,0,0,0,0
R0547,focal,0,1,1,1,0,0,1,0,0,0,0,0,0,0,0,0,0,0,0,0
R0548,focal,1,1,1,1,1,0,0,0,0,1,0,1,0,0,0,0,0,0,0,0
R0549,focal,1,1,1,1,1,1,1,1,1,1,1,1,1,1,1,0,0,1,1,1
R0550,focal,1,1,1,1,0,1,1,1,1,1,1,0,1,1,1,1,0,0,0,0
R0551,focal,1,1,1,0,1,1,1,0,0,0,0,0,0,1,0,0,0,0,0,0
R0552,focal,1,1,1,0,1,1,1,0,1,1,1,1,1,0,1,1,1,0,0,0
R0553,focal,1,1,0,1,1,1,1,0,1,1,0,1,1,0,1,1,0,0,0,0
R0554,focal,1,1,1,1,1,1,1,1,0,0,0,0,0,1,0,0,0,0,0,0
R0555,focal,1,1,1,1,1,1,1,1,1,1,1,1,1,0,1,1,1,1,1,0
R0556,focal,1,1,1,1,1,1,0,1,1,0,1,1,0,1,1,0,0,0,0,0
R0557,focal,1,1,1,0,0,1,0,0,1,1,0,0,0,0,0,0,0,0,0,0
R0558,focal,1,1,1,1,0,0,0,0,1,1,0,1,0,0,0,0,0,0,0,0
R0559,focal,1,1,1,1,1,1,1,1,1,1,0,1,0,0,1,1,0,0,0,0
R0560,focal,1,0,1,1,0,1,1,1,1,0,0,1,1,0,0,1,0,0,0,0
R0561,focal,1,1,0,1,0,0,1,1,0,1,0,0,1,1,0,0,0,0,0,0
R0562,focal,1,1,1,1,1,1,0,1,1,1,1,1,1,0,0,0,0,0,0,0
R0563,focal,0,1,0,0,0,0,0,0,0,0,0,0,0,1,0,0,0,0,0,0
R0564,focal,1,1,1,1,1,1,1,1,1,1,0,0,1,0,0,0,1,0,0,0
R0565,focal,1,1,0,1,1,1,1,1,1,1,1,1,1,0,0,1,0,1,0,0
R0566,focal,1,1,1,1,1,1,1,1,1,0,0,1,0,1,0,0,0,0,0,0
R0567,focal,1,1,0,1,0,1,1,1,1,1,0,1,0,0,0,0,0,0,0,0
R0568,focal,1,1,1,1,0,0,1,0,1,1,0,0,0,0,0,0,0,0,1,0
R0569,focal,1,1,0,0,1,1,0,0,1,0,0,0,1,1,1,0,0,0,0,0
R0570,focal,1,1,1,1,1,1,1,1,1,1,1,1,1,1,1,1,0,1,0,0
R0571,focal,0,0,1,0,0,0,0,0,0,0,0,0,0,0,0,0,0,0,0,0
R0572,focal,1,1,1,1,1,1,1,1,1,1,0,1,0,0,1,0,0,0,0,0
R0573,focal,1,1,1,0,1,0,0,1,0,1,0,0,0,0,0,0,0,0,0,0
R0574,focal,1,1,1,1,1,1,1,1,0,1,1,1,1,0,0,0,0,0,0,0
R0575,focal,1,1,1,1,1,0,1,1,1,0,0,0,0,0,0,0,0,1,0,0
R0576,focal,1,1,1,1,1,1,1,1,1,1,0,1,0,1,1,0,1,0,0,0
R0577,focal,1,1,1,1,1,1,1,1,1,0,1,1,0,1,0,0,0,0,0,0
R0578,focal,1,1,0,1,0,1,1,1,0,0,0,1,0,0,0,0,0,0,0,0
R0579,focal,1,1,0,0,0,0,1,1,0,0,0,0,0,0,0,0,0,0,0,0
R0580,focal,1,1,1,1,1,1,1,1,1,0,0,1,1,0,1,0,0,0,0,0
R0581,focal,1,1,1,1,1,1,1,1,1,1,0,0,1,1,1,1,0,1,0,1
R0582,focal,1,1,1,1,1,1,1,1,1,1,1,1,1,1,0,1,1,1,0,0
R0583,focal,1,1,1,1,1,0,1,1,0,1,0,1,0,1,0,0,0,1,0,0
R0584,focal,1,1,1,1,1,1,0,1,1,1,1,0,1,0,1,0,1,1,0,0
R0585,focal,1,1,1,1,0,0,0,0,1,1,0,0,1,0,0,0,0,0,0,0
R0586,focal,1,1,1,1,1,1,1,1,1,1,1,0,1,1,1,0,0,1,0,0
R0587,focal,1,0,1,1,1,0,1,1,1,0,1,0,0,1,0,0,0,0,0,0
R0588,focal,1,1,1,1,1,1,1,1,1,1,0,1,1,1,0,1,0,1,1,1
R0589,focal,1,1,1,1,1,1,1,1,1,0,1,0,1,0,1,1,0,0,0,0
R0590,focal,1,1,1,1,1,0,1,1,0,1,1,0,1,0,0,1,0,0,0,0
R0591,focal,1,1,1,1,0,1,0,0,0,0,0,1,0,0,0,0,0,0,0,0
R0592,focal,1,1,1,1,1,1,1,0,0,1,0,1,1,1,1,1,0,0,0,1
R0593,focal,1,1,1,1,0,1,0,0,0,0,0,0,0,0,0,0,0,0,0,0
R0594,focal,1,1,1,1,1,1,1,1,1,1,0,0,1,1,0,0,0,0,0,0
R0595,focal,1,1,1,1,1,1,1,1,0,1,0,0,1,0,0,0,0,0,0,0
R0596,focal,1,1,0,0,0,0,0,0,0,0,0,0,0,0,0,0,0,0,0,0
R0597,focal,1,1,1,1,0,1,0,0,1,0,0,0,0,1,0,0,0,0,0,0
R0598,focal,1,1,1,1,0,0,0,0,1,0,1,0,0,1,0,1,0,0,0,0
R0599,focal,1,1,1,1,0,0,0,1,0,0,0,0,0,1,0,0,0,0,0,0
R0600,focal,0,1,1,1,1,1,1,1,0,0,1,1,0,0,0,0,0,0,0,0
R0601,focal,1,1,1,1,0,1,1,0,0,0,0,0,0,0,0,0,0,0,0,0
R0602,focal,1,1,1,1,0,1,0,1,0,1,0,1,0,1,0,0,0,0,0,0
R0603,focal,1,0,0,0,0,0,0,0,0,0,0,0,0,0,0,0,0,0,0,0
R0604,focal,0,0,1,0,1,1,0,0,0,0,0,0,0,0,0,0,0,0,0,0
R0605,focal,0,0,0,0,0,0,0,1,0,0,0,0,0,1,0,0,0,0,0,0
R0606,focal,1,1,1,0,0,1,1,0,1,1,0,0,1,1,0,0,0,0,1,0
R0607,focal,1,1,1,1,1,1,1,1,1,1,1,1,1,1,1,1,1,0,1,0
R0608,focal,1,1,1,1,1,1,1,1,1,1,1,0,1,0,1,1,0,0,0,1
R0609,focal,1,1,1,1,1,1,1,1,1,1,0,1,1,0,0,0,0,0,0,1
R0610,focal,1,1,1,0,1,1,1,0,1,1,0,1,0,0,0,0,0,0,0,0
R0611,focal,1,1,1,1,1,0,0,1,1,1,1,0,1,1,1,1,0,0,0,0
R0612,focal,1,1,1,1,1,1,1,1,1,1,1,1,1,0,0,0,0,0,0,0
R0613,focal,1,1,1,1,1,1,0,1,1,0,1,1,0,0,0,0,0,0,0,0
R0614,focal,0,1,0,1,0,0,0,0,1,0,0,0,0,0,0,0,0,0,0,0
R0615,focal,1,1,1,1,1,0,1,1,1,1,1,1,1,0,1,0,0,0,0,0
R0616,focal,1,1,1,1,1,0,1,1,0,0,0,1,0,0,0,0,0,0,0,0
R0617,focal,1,1,1,0,0,1,1,1,0,1,0,0,0,0,0,0,0,0,0,0
R0618,focal,1,0,1,1,1,0,1,1,0,0,1,1,0,0,0,0,0,0,0,0
R0619,focal,1,1,0,1,1,1,1,1,1,1,1,1,0,1,0,0,1,0,0,0
R0620,focal,1,1,0,1,0,1,0,0,0,1,0,1,0,0,0,0,0,0,0,0
R0621,focal,1,1,0,1,1,1,1,1,1,1,0,0,0,0,0,0,0,0,0,0
R0622,focal,1,1,1,1,1,1,1,1,0,1,0,0,0,1,0,0,0,0,0,0
R0623,focal,1,1,1,1,0,1,1,1,1,1,1,0,1,1,0,0,0,0,0,0
R0624,focal,1,1,1,1,0,1,1,0,0,0,1,1,0,0,0,0,0,0,0,0
R0625,focal,1,1,0,1,0,0,0,0,1,0,0,1,0,0,0,0,0,0,0,0
R0626,focal,1,1,1,1,1,1,0,0,0,0,0,1,0,0,1,0,0,0,0,0
R0627,focal,1,1,1,1,1,1,1,0,1,1,1,1,1,1,0,0,1,0,0,0
R0628,focal,1,1,1,1,1,1,0,1,1,1,1,1,0,0,0,0,0,1,0,0
R0629,focal,1,1,1,0,1,1,1,0,1,0,0,0,0,0,0,0,0,0,0,0
R0630,focal,1,1,1,1,0,1,0,1,1,0,0,1,1,0,0,0,0,0,0,0
R0631,focal,1,1,1,1,1,1,1,1,1,1,1,1,1,0,1,0,1,0,1,1
R0632,focal,1,1,1,1,1,1,1,1,1,1,0,0,0,1,0,0,0,0,0,0
R0633,focal,1,1,1,1,0,0,0,0,1,0,0,1,0,1,0,0,0,0,0,0
R0634,focal,1,1,1,1,1,1,1,0,1,1,0,0,0,0,0,1,0,0,0,0
R0635,focal,1,1,0,0,1,1,0,0,0,0,1,1,0,0,0,0,0,0,0,0
R0636,focal,1,1,1,0,1,1,1,1,0,0,0,0,1,0,0,0,0,0,0,0
R0637,focal,1,1,1,1,1,1,1,0,1,0,1,1,0,1,0,0,0,0,0,0
R0638,focal,1,1,0,0,1,1,0,1,1,0,0,0,0,0,0,0,0,0,0,0
R0639,focal,1,1,1,1,0,0,0,1,0,1,0,1,0,1,0,0,0,0,0,0
R0640,focal,1,1,0,1,0,1,0,1,0,0,0,0,0,1,0,0,0,0,0,0
R0641,focal,1,1,0,1,0,0,0,0,0,1,0,0,0,1,0,0,0,0,0,0
R0642,focal,1,1,1,1,1,1,1,1,1,1,1,1,1,1,0,0,0,0,0,0
R0643,focal,1,1,1,1,1,1,1,1,1,1,0,1,1,0,1,0,0,0,0,0
R0644,focal,1,1,1,1,1,1,1,1,1,1,0,1,1,1,1,1,1,1,0,1
R0645,focal,1,1,0,0,0,1,1,0,0,1,0,0,0,0,0,0,0,0,0,0
R0646,focal,1,1,0,1,1,1,1,0,0,0,0,1,0,0,0,0,0,0,0,0
R0647,focal,1,1,0,1,0,0,1,0,0,1,0,1,0,0,0,0,0,0,0,0
R0648,focal,0,0,0,0,0,0,0,0,0,0,0,0,0,0,0,0,0,0,0,0
R0649,focal,1,1,1,1,1,0,1,1,1,1,1,1,1,1,1,1,1,1,1,1
R0650,focal,1,1,1,0,1,0,0,1,0,0,1,0,0,0,0,0,0,0,0,0
R0651,focal,1,0,1,0,0,0,1,0,0,0,0,0,0,0,0,0,0,0,0,0
R0652,focal,0,0,1,0,1,1,0,1,1,1,0,0,0,0,0,0,1,0,0,0
R0653,focal,0,1,1,0,0,0,1,0,1,0,1,0,0,0,0,0,0,0,0,0
R0654,focal,1,1,1,1,0,0,1,1,1,0,0,1,0,0,0,0,0,0,0,0
R0655,focal,1,1,1,1,1,1,1,0,1,1,0,1,0,0,0,1,0,0,0,0
R0656,focal,1,1,1,1,1,1,1,1,0,1,1,0,0,1,0,1,1,0,0,0
R0657,focal,1,1,1,1,1,1,0,0,1,1,0,1,0,1,0,0,1,0,0,0
R0658,focal,0,1,0,0,0,0,0,0,0,0,0,0,0,0,0,0,0,0,0,0
R0659,focal,1,1,1,1,1,1,1,1,1,1,0,0,0,0,0,0,0,0,0,0
R0660,focal,1,1,1,1,0,1,1,1,0,0,0,1,1,0,1,0,0,0,0,0
R0661,focal,1,1,0,1,1,1,0,1,0,1,0,1,1,0,0,0,1,0,0,0
R0662,focal,1,1,1,1,1,1,0,1,1,1,0,1,1,1,1,0,0,1,1,1
R0663,focal,1,1,1,1,1,1,1,0,1,1,0,1,0,1,0,0,0,0,1,1
R0664,focal,1,0,1,1,0,1,0,1,0,1,0,1,0,0,0,0,0,0,0,0
R0665,focal,1,1,1,1,1,0,0,0,1,1,0,0,1,0,1,1,0,0,0,0
R0666,focal,1,1,1,1,1,1,1,1,1,1,1,0,1,1,1,0,0,1,1,1
R0667,focal,0,0,1,1,0,1,0,0,0,0,0,1,0,0,0,0,0,0,1,0
R0668,focal,1,1,1,1,0,0,0,1,1,0,0,0,0,0,1,0,0,0,0,0
R0669,focal,1,1,1,1,1,1,0,1,1,1,1,0,1,1,1,0,0,0,0,0
R0670,focal,0,1,0,0,1,0,0,0,0,0,0,1,0,0,0,0,0,0,0,0
R0671,focal,0,1,1,0,0,0,0,0,0,0,0,0,0,0,0,0,0,0,0,0
R0672,focal,1,1,1,1,1,1,1,1,1,1,0,1,0,0,0,0,0,1,0,0
R0673,focal,1,1,1,1,1,1,1,1,1,1,1,1,1,0,0,0,1,0,0,0
R0674,focal,1,0,1,1,1,0,1,1,1,0,0,1,0,1,0,0,0,0,0,0
R0675,focal,0,1,0,0,0,0,0,1,1,0,0,0,0,0,0,0,0,0,0,0
R0676,focal,0,1,1,1,0,1,0,0,0,0,0,0,0,0,0,0,1,0,0,0
R0677,focal,1,1,0,1,0,0,0,1,1,0,0,1,0,0,0,0,0,0,0,0
R0678,focal,1,0,1,1,1,1,0,1,1,1,0,0,1,0,0,0,1,0,0,0
R0679,focal,1,1,1,1,0,1,1,1,1,1,1,0,1,1,1,1,0,0,0,1
R0680,focal,1,1,0,1,1,1,1,1,0,0,1,0,0,0,1,1,0,0,0,0
R0681,focal,1,1,0,0,0,1,0,0,0,0,0,0,0,0,0,0,0,0,0,0
R0682,focal,1,1,1,1,1,0,1,1,1,1,1,1,0,0,0,1,0,0,0,0
R0683,focal,1,1,1,1,0,0,1,1,1,0,1,1,0,0,0,0,0,0,0,0
R0684,focal,1,1,1,1,1,1,1,0,0,1,0,0,0,0,0,0,0,0,0,0
R0685,focal,1,1,1,0,0,1,0,1,0,1,0,1,0,0,0,0,0,0,0,0
R0686,focal,1,1,1,1,1,0,0,0,1,1,0,0,0,0,0,0,0,0,0,0
R0687,focal,1,1,1,0,0,0,1,0,0,0,0,0,0,1,0,0,0,0,0,0
R0688,focal,0,1,1,1,1,1,1,1,1,1,0,1,0,1,0,0,0,0,0,0
R0689,focal,1,0,1,0,0,1,1,0,0,0,0,0,0,0,0,0,0,0,0,0
R0690,focal,0,1,1,1,1,1,1,0,1,0,1,0,0,1,0,0,0,0,0,0
R0691,focal,1,1,1,0,0,1,1,0,0,0,0,0,0,1,0,0,0,0,0,0
R0692,focal,1,1,1,1,1,1,1,1,1,1,1,0,0,0,0,1,0,0,0,0
R0693,focal,1,1,1,0,0,1,0,1,0,0,0,1,0,0,0,0,0,0,0,0
R0694,focal,1,1,1,1,1,1,1,0,1,0,0,0,0,0,0,0,0,0,0,0
R0695,focal,1,1,1,1,0,1,1,1,1,1,1,1,0,0,1,0,0,0,0,0
R0696,focal,1,1,1,1,1,1,1,1,1,1,1,0,1,1,0,0,0,0,0,0
R0697,focal,1,1,1,1,1,1,1,1,1,1,1,1,0,1,0,0,0,1,0,0
R0698,focal,1,1,1,1,1,0,0,0,1,0,0,0,0,1,0,0,0,0,0,0
R0699,focal,1,1,1,1,1,1,1,1,1,1,1,1,1,0,1,0,0,0,0,0
R0700,focal,1,1,1,1,1,1,0,1,1,1,0,1,1,1,1,1,0,1,0,0
R0701,focal,1,0,1,1,0,1,0,0,0,0,0,0,0,0,0,0,0,0,0,0
R0702,focal,1,1,1,1,1,0,1,1,0,1,0,0,1,0,0,1,0,0,0,0
R0703,focal,1,1,1,1,0,1,0,0,0,0,0,0,1,0,0,0,0,0,0,0
R0704,focal,1,1,1,1,1,0,1,1,1,1,0,1,0,0,0,0,0,0,0,0
R0705,focal,1,1,1,1,1,1,1,0,0,1,0,0,0,0,1,0,1,0,0,0
R0706,focal,1,1,1,1,0,1,0,0,0,1,0,0,0,1,1,0,0,0,0,0
R0707,focal,1,1,1,0,0,1,1,0,0,0,0,0,0,0,0,0,0,0,0,0
R0708,focal,1,1,0,1,0,1,1,1,0,1,0,1,0,0,0,0,0,0,0,0
R0709,focal,1,1,1,1,1,0,1,1,1,0,1,1,1,1,0,1,0,0,0,0
R0710,focal,1,1,1,1,1,1,0,0,1,0,1,1,1,0,0,0,0,0,0,0
R0711,focal,1,0,1,1,1,0,1,1,1,1,0,1,1,0,0,0,0,0,0,0
R0712,focal,1,1,1,1,1,1,1,1,1,1,1,0,1,1,0,0,0,0,0,0
R0713,focal,0,0,0,1,0,0,0,1,0,0,0,0,0,1,0,0,0,0,0,0
R0714,focal,1,1,1,1,0,1,1,1,0,0,1,0,0,1,0,1,0,0,0,0
R0715,focal,1,1,1,1,1,0,1,1,0,1,0,0,0,1,0,0,0,0,0,0
R0716,focal,1,1,1,1,0,1,1,0,0,0,0,0,1,0,0,1,0,0,0,0
R0717,focal,1,1,1,0,1,1,0,0,1,0,0,0,0,0,0,0,0,0,0,0
R0718,focal,1,1,1,1,0,1,1,0,0,0,0,0,0,0,0,0,0,0,0,0
R0719,focal,1,1,1,1,1,1,1,1,1,1,0,1,1,0,1,1,1,0,1,0
R0720,focal,1,1,1,1,1,1,1,1,1,1,0,0,1,1,0,0,0,1,1,0
R0721,focal,1,1,1,1,0,1,1,1,0,1,1,0,0,0,0,0,0,0,0,0
R0722,focal,1,1,1,1,0,0,0,1,0,0,0,1,0,1,0,1,0,0,0,0
R0723,focal,1,1,1,1,0,0,0,0,1,1,1,1,0,0,0,1,0,0,0,0
R0724,focal,1,1,1,1,1,0,1,1,1,0,0,0,0,0,0,0,0,0,0,0
R0725,focal,1,1,1,1,1,1,1,1,1,1,0,0,0,0,1,0,0,0,0,0
R0726,focal,1,0,1,1,0,0,0,0,1,0,0,0,0,1,0,0,0,0,0,0
R0727,focal,1,1,1,1,1,1,1,1,1,1,1,0,1,0,1,0,1,1,0,0
R0728,focal,0,0,1,0,1,0,1,0,1,0,0,1,0,0,0,0,0,0,0,0
R0729,focal,0,0,0,1,0,1,0,1,0,0,0,1,0,0,0,0,0,0,0,0
R0730,focal,1,1,1,1,1,1,1,1,1,1,1,0,1,0,0,0,0,1,0,0
R0731,focal,1,0,1,1,1,1,1,1,1,0,1,0,0,0,0,0,0,0,0,0
R0732,focal,1,1,1,1,1,1,1,1,1,0,1,1,0,1,0,1,0,0,0,0
R0733,focal,1,1,1,1,1,1,1,1,0,1,0,1,1,0,0,0,0,0,0,0
R0734,focal,1,1,1,1,0,1,0,0,1,0,0,0,0,0,0,0,1,0,0,0
R0735,focal,1,1,1,1,1,0,1,1,1,1,1,1,1,0,0,1,0,1,1,0
R0736,focal,0,1,0,1,0,0,0,0,0,0,0,0,0,0,0,0,0,0,0,0
R0737,focal,0,1,0,0,0,1,1,0,0,0,0,0,0,0,0,0,0,0,0,0
R0738,focal,1,1,1,1,1,0,1,1,1,1,1,1,1,1,0,1,0,0,0,0
R0739,focal,1,1,1,0,1,1,1,1,1,1,0,1,1,1,0,0,0,1,0,0
R0740,focal,1,1,1,0,1,1,0,0,0,1,0,0,0,0,0,0,0,0,0,0
R0741,focal,1,1,1,1,0,0,1,0,0,0,0,0,0,0,0,0,0,0,0,0
R0742,focal,1,1,1,0,0,0,0,0,1,0,1,0,0,0,0,0,0,0,0,0
R0743,focal,1,1,1,0,1,0,0,1,0,0,0,0,0,1,0,0,0,0,0,0
R0744,focal,1,1,1,1,0,1,1,1,0,1,1,1,1,1,0,0,0,0,0,0
R0745,focal,1,1,0,1,1,1,1,1,1,1,0,0,1,1,0,0,0,0,0,0
R0746,focal,1,1,1,0,0,1,0,0,1,0,0,0,0,0,0,0,0,0,0,0
R0747,focal,0,1,0,0,0,0,0,0,0,0,0,0,0,0,0,0,0,0,0,0
R0748,focal,1,1,0,1,1,1,1,1,1,1,0,0,1,1,0,1,0,0,0,0
R0749,focal,1,1,1,1,1,1,1,1,0,1,0,0,0,0,0,0,0,0,0,0
R0750,focal,1,1,1,1,1,0,1,1,1,0,0,0,0,0,0,0,0,0,0,0
R0751,focal,1,1,1,1,1,1,1,0,1,1,1,0,1,1,1,1,0,1,0,0
R0752,focal,0,1,0,1,1,0,1,0,1,0,0,1,0,0,0,0,0,1,0,0
R0753,focal,1,1,1,0,0,0,0,0,0,0,0,0,0,0,0,0,0,0,0,0
R0754,focal,0,1,1,1,0,0,1,1,0,0,0,1,0,0,0,0,0,0,1,0
R0755,focal,1,1,1,1,1,1,0,0,1,1,1,1,0,1,1,0,1,0,0,0
R0756,focal,0,1,1,0,0,1,1,1,0,0,0,0,0,0,0,0,0,0,0,0
R0757,focal,1,0,1,0,1,1,1,1,1,0,0,0,0,0,0,0,0,0,0,0
R0758,focal,1,1,1,1,0,0,1,0,0,0,0,1,0,1,0,0,0,0,0,0
R0759,focal,1,1,1,1,1,1,0,0,0,0,1,0,1,1,1,0,0,0,0,0
R0760,focal,0,1,1,0,0,0,1,1,0,0,0,1,0,0,0,0,0,0,0,0
R0761,focal,1,1,1,1,1,1,1,0,1,0,1,0,0,0,1,0,0,1,0,0
R0762,focal,1,1,0,1,0,0,0,1,1,1,0,0,0,0,0,0,0,0,0,0
R0763,focal,0,0,1,0,0,1,0,1,1,0,1,0,0,0,0,1,0,0,0,0
R0764,focal,1,0,1,1,1,1,1,1,1,1,1,0,0,0,1,0,0,0,0,0
R0765,focal,1,0,0,0,0,0,0,0,0,0,0,0,0,0,0,0,0,0,0,0
R0766,focal,1,1,1,1,1,1,1,1,1,1,1,0,1,1,0,1,1,1,0,1
R0767,focal,1,1,1,1,1,1,1,1,1,1,0,1,1,1,1,1,0,0,0,1
R0768,focal,0,1,0,1,0,0,1,1,0,0,0,0,0,0,0,0,0,0,0,0
R0769,focal,1,0,1,0,1,0,1,0,1,0,0,1,0,0,0,0,0,0,0,0
R0770,focal,1,1,1,1,0,1,0,1,0,1,0,1,1,0,1,0,0,0,0,0
R0771,focal,1,1,0,1,0,1,0,0,1,1,0,0,0,0,0,0,0,0,0,0
R0772,focal,1,1,1,1,1,1,0,1,1,1,1,1,1,0,0,0,0,0,0,0
R0773,focal,1,0,1,0,0,0,0,0,0,0,0,0,0,0,1,0,0,0,0,0
R0774,focal,1,1,1,1,1,1,0,1,0,1,0,0,0,1,0,0,0,0,0,0
R0775,focal,1,1,0,1,0,1,1,1,1,1,0,0,0,0,0,0,0,0,0,0
R0776,focal,1,1,1,0,1,1,0,0,1,1,1,0,1,0,0,0,0,0,0,0
R0777,focal,1,1,1,1,1,1,1,0,0,0,0,1,0,0,0,0,0,0,0,0
R0778,focal,1,1,1,1,1,1,1,1,1,1,1,1,1,0,1,1,0,0,0,1
R0779,focal,1,1,0,1,0,1,1,1,1,0,0,0,0,0,0,0,0,0,0,0
R0780,focal,1,1,1,1,0,0,1,0,1,1,1,1,0,0,0,0,1,0,0,0
R0781,focal,1,1,0,1,1,1,1,0,0,0,0,1,0,0,0,0,1,0,0,0
R0782,focal,1,1,1,1,1,1,1,1,1,1,1,1,1,1,0,1,1,0,1,0
R0783,focal,1,0,0,1,1,1,1,0,1,0,0,1,0,0,0,0,0,0,0,0
R0784,focal,1,1,1,1,0,1,1,1,1,0,0,0,0,0,0,0,0,0,0,0
R0785,focal,1,1,1,1,1,0,1,1,1,1,0,1,0,0,1,1,0,0,0,1
R0786,focal,0,1,1,0,1,1,1,1,0,0,1,0,0,0,0,0,0,0,0,0
R0787,focal,1,1,1,1,1,1,1,0,1,1,0,1,0,0,0,1,0,0,0,0
R0788,focal,1,1,1,1,0,1,1,1,1,1,1,1,1,1,1,0,0,0,0,0
R0789,focal,1,1,1,1,1,0,1,1,1,1,0,0,0,0,0,0,0,0,0,0
R0790,focal,1,1,1,0,1,1,1,0,0,0,0,0,0,0,0,0,0,0,0,0
R0791,focal,1,1,0,1,0,1,0,1,0,0,0,1,0,0,0,0,0,0,0,0
R0792,focal,1,1,0,1,1,1,0,1,0,0,0,1,0,1,0,0,0,1,0,0
R0793,focal,1,1,1,1,1,0,1,0,1,1,1,1,1,0,0,1,0,0,0,0
R0794,focal,1,1,0,1,0,0,0,1,0,0,1,0,0,1,0,0,0,0,0,0
R0795,focal,1,1,1,1,0,1,0,0,1,0,0,0,0,1,0,0,0,0,0,0
R0796,focal,1,1,1,1,1,1,1,1,1,1,0,1,1,1,0,1,1,1,1,0
R0797,focal,1,0,1,0,0,1,0,1,0,0,0,0,0,0,0,0,0,0,0,0
R0798,focal,1,0,1,1,0,1,1,0,1,0,0,0,0,0,0,1,0,0,0,0
R0799,focal,0,0,0,0,0,0,0,0,0,0,0,0,0,0,0,0,0,0,0,0
R0800,focal,1,1,1,1,1,1,1,1,0,0,0,1,1,0,1,0,1,0,0,0
